date,close,log_return,avg_uncertainty,news_count,events,Vol_GARCH,Vol_EGARCH,Vol_TARCH,Vol_GARCH-X,Vol_EGARCH-X,Vol_TARCH-X
2025-04-08,9477.0498046875,0.7402985836947792,0.5411,3,"mali_politika,secim_belirsizligi,merkez_bankasi_aciklamasi",1.2824757430488987,1.2835131936161408,1.2853512816375712,1.2860336771372107,1.2872654879724044,1.2888680746975036
2025-04-09,9275.451171875,-2.150181461799546,0.6531,3,doviz_mudahalesi,1.2640388351042575,1.2408372469355313,1.254867091713746,1.267442116918029,1.2448328966868545,1.2579037706877876
2025-04-10,9338.5498046875,0.6779721843129163,0.17265,2,"doviz_mudahalesi,buyume_verisi",1.3529399785594711,1.4645834319875044,1.4859188344462042,1.3560447131200453,1.4697266939952456,1.4910214076835286
2025-04-11,9380.9501953125,0.45300850060678804,0.1762,1,merkez_bankasi_aciklamasi,1.3251260865769532,1.3949549280187417,1.4326245482679008,1.3291994952448807,1.3983805671588767,1.4370162314016475
2025-04-14,9423.5498046875,0.4530796591148396,0.8508,2,"faiz_artisi,doviz_mudahalesi",1.296805231595049,1.3391065466847962,1.385181662653515,1.3013344757710053,1.3428991350671111,1.3889535753253115
2025-04-15,9393.75,-0.31672800995467393,0.5324,3,"doviz_mudahalesi,mali_politika,diger",1.2716280406819187,1.2918014741722013,1.3430669649017315,1.2755167465688364,1.2992736728916259,1.3463014474687245
2025-04-16,9266.05078125,-1.3687307154428627,0.58605,2,"doviz_mudahalesi,diger",1.2528747449357014,1.3025595490223185,1.3170515292980383,1.2565067250161606,1.3122957196743497,1.3196687224111225
2025-04-17,9395.9501953125,1.3921498791302689,0.6854666666666667,3,"mali_politika,doviz_mudahalesi,faiz_artisi",1.2820213573083101,1.424553092667698,1.3970317951580047,1.2851508554774953,1.4347104056842415,1.3997536851901295
2025-04-18,9317.150390625,-0.8421936289081146,0.5706,2,"diger,faiz_artisi",1.2880241003952215,1.3523794338859019,1.3535751028054055,1.2898102773300253,1.3574788492686038,1.3558751650447909
2025-04-21,9321.5498046875,0.0472073062831834,0.7710333333333333,3,"merkez_bankasi_aciklamasi,diger,faiz_artisi",1.2840932006947008,1.4086055064170366,1.3640949992857163,1.2858263331746447,1.4158005749219613,1.3662266840722057
2025-04-22,9312.0498046875,-0.1019663513465979,0.22344999999999998,2,"merkez_bankasi_aciklamasi,enflasyon_aciklamasi",1.2590750677626785,1.3645212228929484,1.3249904409353837,1.2610924274045061,1.380117390745438,1.3272091178530312
2025-04-24,9490.849609375,1.9018896002776144,0.42405,2,"doviz_mudahalesi,diger",1.238195627542677,1.3422175224896273,1.29323927434958,1.2397869875245067,1.3517931152370457,1.2939234842953107
2025-04-25,9432.5498046875,-0.6161682461400751,0.82295,2,"faiz_artisi,secim_belirsizligi",1.281893861237839,1.2763105193264617,1.2618134345670835,1.2840307015969918,1.2763150185077428,1.2623538117531155
2025-04-28,9306.9501953125,-1.340499908329707,0.7618,1,faiz_artisi,1.2701170319878612,1.3207197375108437,1.2656279803471215,1.2733700242284847,1.3307213130891409,1.269473390639007
2025-04-29,9224.7509765625,-0.887125872271847,0.51085,2,"doviz_mudahalesi,faiz_artisi",1.2949224397711427,1.4364599593333802,1.3514179122328138,1.2992185970547383,1.4514639268712584,1.3591129590491071
2025-04-30,9078.3525390625,-1.5997457429647377,0.7673,1,diger,1.292066276094411,1.4833832479134959,1.3666787539685303,1.2956308320925023,1.496906639029646,1.372481321084938
2025-05-02,9167.55078125,0.9777422495140816,0.7414999999999999,3,"diger,jeopolitik_kriz,secim_belirsizligi",1.3310242522028113,1.5988705652686934,1.471682537255415,1.3356734585948011,1.6155479951312675,1.4813186087714387
2025-05-05,9112.15234375,-0.6061215187676514,0.79225,2,"faiz_artisi,diger",1.31365138950494,1.503460721137752,1.419938192256698,1.3171186665161996,1.5165851085549287,1.4283710236120288
2025-05-06,9134.6513671875,0.24660795607091127,0.6473,2,"doviz_mudahalesi,faiz_artisi",1.297741595145752,1.509724530430982,1.4015162985551801,1.302008998070907,1.5290216876845681,1.4114264735307516
2025-05-07,9074.5517578125,-0.6601038737668423,0.4875333333333334,3,"enflasyon_aciklamasi,diger,doviz_mudahalesi",1.2709519009413985,1.43816578879791,1.357553722177893,1.2750200037788617,1.4585712082397024,1.366229488159287
2025-05-08,9279.1513671875,2.229610926266078,0.7295499999999999,2,"secim_belirsizligi,diger",1.2620275264613892,1.4610326532041327,1.3514957701089454,1.265439820464687,1.4790863800261405,1.3581133720494971
2025-05-09,9390.4501953125,1.1923141078441222,0.46955,2,"faiz_artisi,buyume_verisi",1.3272474137532078,1.372785253164444,1.3132386273856196,1.327486246852072,1.3787805428230724,1.318998875202431
2025-05-12,9747.0478515625,3.7271218512533615,0.48295,2,"faiz_indirimi,doviz_mudahalesi",1.3182764468286121,1.3110967044972621,1.279443617254977,1.3190031317402446,1.3132157009705419,1.2844512412136289
2025-05-13,9700.1484375,-0.4823266478857889,0.1193,1,doviz_mudahalesi,1.5291404456578277,1.2272724447592855,1.2496674088909763,1.528616479653389,1.2087594514898141,1.2540172411799988
2025-05-14,9701.5478515625,0.014425687775724524,0.45725,2,"doviz_mudahalesi,faiz_indirimi",1.4859511322491545,1.265044767346798,1.2452853930473962,1.4844546626992337,1.2422469074537297,1.2447564886716918
2025-05-15,9541.2490234375,-1.6661043326151905,0.4043,1,doviz_mudahalesi,1.4397031252152481,1.2460661769875243,1.2207520369703742,1.4386218930383778,1.2290871728412218,1.220045532318611
2025-05-16,9668.3486328125,1.3233120901667466,0.7427999999999999,3,"merkez_bankasi_aciklamasi,secim_belirsizligi,faiz_artisi",1.4614212749753694,1.411643927891832,1.3684143318195074,1.4588313911365536,1.3941178119079944,1.3637605574684846
2025-05-20,9513.94921875,-1.6098462213633857,0.5148,2,"merkez_bankasi_aciklamasi,faiz_artisi",1.4418421009000768,1.342337463763782,1.3282117008992107,1.4385523437954515,1.3248952624466426,1.3239942406230647
2025-05-21,9398.8505859375,-1.217165675931277,0.6312333333333334,3,"diger,enflasyon_aciklamasi,faiz_artisi",1.4595075106726987,1.4845008954541163,1.4427162998219694,1.4560391700217838,1.4696528240129039,1.4382707423292969
2025-05-22,9475.150390625,0.808521949637556,0.4076,1,enflasyon_aciklamasi,1.4518174499886527,1.558188907710847,1.4805375138542163,1.4492585597209942,1.5491767976083426,1.478129405744536
2025-05-23,9355.9501953125,-1.2660097784770574,0.4655666666666667,3,"jeopolitik_kriz,merkez_bankasi_aciklamasi,doviz_mudahalesi",1.4161274889072595,1.4716754128162324,1.427828014642828,1.4145478398133224,1.4632438498752298,1.4255303773193497
2025-05-26,9345.150390625,-0.11549914764057913,0.45563333333333333,3,"faiz_artisi,enflasyon_aciklamasi,doviz_mudahalesi",1.4165347174106468,1.5529004365195804,1.474184538488191,1.4144354432990793,1.544854292334813,1.4704129366581542
2025-05-27,9213.55078125,-1.4182222551843502,0.6453500000000001,2,"faiz_indirimi,faiz_artisi",1.3785675649906777,1.501375535672152,1.4256053805678282,1.376859489004364,1.496111652623439,1.4217522837943466
2025-05-28,9177.6513671875,-0.3903981846125064,0.3857,1,faiz_artisi,1.3928276248299793,1.5937205196690238,1.4925688203289504,1.3918900257018887,1.592377597590506,1.4912078430524875
2025-05-29,9170.55078125,-0.07739816941759678,0.80705,2,"diger,faiz_artisi",1.3620297668185866,1.5625662560651155,1.4521987092467756,1.3609733418807202,1.5604165903718707,1.4496110229375063
2025-05-30,9019.5517578125,-1.660270926677047,0.385,1,faiz_artisi,1.3294506976983123,1.5056505476299515,1.4051725913580708,1.3291793883810428,1.513510018689855,1.4036803594088836
2025-06-02,9008.8525390625,-0.11869292289993516,0.3207,1,enflasyon_aciklamasi,1.3670087893161127,1.62368013004164,1.511949150835557,1.3647884880558503,1.6256117187427896,1.506498324881072
2025-06-03,9276.951171875,2.932524594945503,0.6766,3,"faiz_indirimi,faiz_artisi,secim_belirsizligi",1.3343503403931993,1.5603720282463658,1.4592822913932972,1.3323286750898706,1.5600282825995881,1.4534437726750071
2025-06-04,9474.9501953125,2.111853921890934,0.6196,2,"faiz_indirimi,diger",1.451379918994997,1.4475143397622963,1.408895654861406,1.4468128773753737,1.4328463735617514,1.4035587807451926
2025-06-05,9486.548828125,0.12233879024839797,0.364,1,enflasyon_aciklamasi,1.4777815690169083,1.362847331008543,1.3641029566506286,1.47280774200943,1.3416734947875864,1.3592496734533184
2025-06-10,9659.2490234375,1.8041021931710741,0.7474,1,diger,1.4319229057592429,1.3184354102167728,1.3244557292605479,1.4277522999244006,1.3024861042907705,1.3200061967284247
2025-06-11,9686.0478515625,0.2770579892438865,0.9048499999999999,2,"jeopolitik_kriz,faiz_artisi",1.4408843218853795,1.2572809284826285,1.2893430999957105,1.4354951027554423,1.2378143889521014,1.285339774649029
2025-06-12,9520.1494140625,-1.7275940815333106,0.44325000000000003,2,diger,1.3989271215599088,1.2242890994232718,1.2583818572731666,1.3942860305776485,1.2136599951318594,1.2547989877285277
2025-06-13,9311.8505859375,-2.212269789880368,0.1595,2,"doviz_mudahalesi,merkez_bankasi_aciklamasi",1.430843783626108,1.4008374528164558,1.4080860982157104,1.4254451277314888,1.389446303607087,1.4022185440603525
2025-06-16,9349.9501953125,0.40831710460899556,0.0985,1,doviz_mudahalesi,1.4958747202891487,1.6013801912363865,1.6114589173793301,1.4861879312680368,1.5799905684883087,1.595155430942961
2025-06-17,9339.5498046875,-0.1112966285729939,0.8719,1,jeopolitik_kriz,1.4491297160608836,1.5125595085359957,1.5448680757385338,1.4413299290675305,1.495162643947573,1.5300518366959845
2025-06-18,9196.05078125,-1.548392130844407,0.6205333333333334,3,"doviz_mudahalesi,jeopolitik_kriz,diger",1.407715896669024,1.4673696019354905,1.4884428432951757,1.4015381258893187,1.4641958324437008,1.476349945990784
2025-06-19,9101.9521484375,-1.028521666507868,0.4378,1,faiz_indirimi,1.4261456746162453,1.580139866290953,1.5624587834789854,1.4211275178410443,1.579632028494634,1.553850280146118
2025-06-20,9203.3515625,1.1078805662890838,0.4442,1,enflasyon_aciklamasi,1.4133716560705494,1.6167195017419425,1.561343269678509,1.408305814531423,1.6148434488931833,1.5519864323666206
2025-06-23,9141.2509765625,-0.6770473552180977,0.548,2,"enflasyon_aciklamasi,diger",1.390895898842222,1.5166920588071362,1.4999847055289248,1.387057740552008,1.5121101694584338,1.4914301238844279
2025-06-24,9448.8505859375,3.3095858556941824,0.4315,1,enflasyon_aciklamasi,1.3683206374319272,1.5279791952973605,1.4764921917277902,1.3650731982493793,1.5265346229889412,1.4688225188849244
2025-06-25,9418.4501953125,-0.3222550727954595,0.65875,2,"faiz_indirimi,faiz_artisi",1.518424497737227,1.415842382599178,1.424223167137651,1.5159772068688775,1.396653277633923,1.41724335644049
2025-06-26,9301.0498046875,-1.2543276249353892,0.4459,1,enflasyon_aciklamasi,1.472976904022764,1.4076688965780257,1.3886474795391763,1.4713366597976283,1.3977603760106372,1.38314556821845
2025-06-27,9404.8505859375,1.1098299951166137,0.5313,1,doviz_mudahalesi,1.4655397851235288,1.4989071294615453,1.4401468279876148,1.4633033739042516,1.4892957134164106,1.433333795280103
2025-06-30,9948.447265625,5.619090932270476,0.6181333333333333,3,"faiz_artisi,faiz_indirimi,doviz_mudahalesi",1.4372135425258248,1.4183972143869255,1.391869751576973,1.4354697974502746,1.4080238290500604,1.3856814686277519
2025-07-01,10080.3466796875,1.3171169591118967,0.6682,2,"enflasyon_aciklamasi,jeopolitik_kriz",1.880616366732135,1.2957249186030588,1.3489967102979543,1.8736598177483894,1.2547984991098404,1.3434021542416132
2025-07-02,10188.9462890625,1.0715780637212946,0.52245,2,"jeopolitik_kriz,diger",1.8161035079039785,1.244000601722194,1.3110283487655556,1.8095105230980795,1.2062864994194313,1.3059944508844916
2025-07-03,10228.345703125,0.3859421022387733,0.8309,1,faiz_artisi,1.7503489679737116,1.202837586687334,1.2774939058283807,1.7447570350588988,1.1688537578540292,1.272986148619084
2025-07-04,10275.7451171875,0.46234187033226004,0.8291,1,doviz_mudahalesi,1.6789493238442732,1.1761912065975664,1.2479518737033257,1.6740297808905167,1.1519058233718003,1.2439348926437883
2025-07-07,10107.646484375,-1.64940601714926,0.4973666666666667,3,"diger,secim_belirsizligi",1.6148255897444423,1.1522554409530923,1.2219905398335857,1.6104074749030635,1.1357293389238023,1.2184287041894852
2025-07-08,9998.1474609375,-1.089239314320303,0.77845,2,"faiz_artisi,secim_belirsizligi",1.6119294154487078,1.3320683626561924,1.366452079361874,1.607388454049777,1.3175487498016694,1.3621027365565932
2025-07-09,10167.24609375,1.6771564222924435,0.7452,1,diger,1.5802602999705133,1.4182512945869503,1.4013524459358122,1.5775839329768961,1.4139129635659853,1.4017023331264553
2025-07-10,10331.2451171875,1.6001423812460718,0.6014,3,"doviz_mudahalesi,faiz_artisi",1.5633201625331725,1.3435282301510199,1.3574083344332457,1.5595830671494972,1.334711141286795,1.3576032061464716
2025-07-11,10358.4453125,0.2629349247693862,0.5494,3,"faiz_artisi,enflasyon_aciklamasi",1.5445094375445418,1.2811801294705616,1.3184694165716508,1.5408445685016288,1.2685267272228482,1.3185476857075287
2025-07-14,10225.4453125,-1.2922906883973715,0.325,2,"enflasyon_aciklamasi,doviz_mudahalesi",1.4920707462922211,1.2448919390463187,1.2840589878345907,1.489117200668604,1.2384408306745665,1.2840532788314947
2025-07-16,10121.4462890625,-1.0222684738198806,0.4224333333333334,3,"doviz_mudahalesi,merkez_bankasi_aciklamasi,secim_belirsizligi",1.48425734840849,1.368033668385312,1.3594281924088103,1.480015864224601,1.3582142726182949,1.3544667531462438
2025-07-17,10370.6455078125,2.432270033639038,0.41674999999999995,2,"doviz_mudahalesi,diger",1.4642760664149739,1.4409379028520501,1.3877960009302797,1.4598399843955339,1.4314858120243643,1.3812871944148604
2025-07-18,10366.1455078125,-0.04340112283762798,0.40869999999999995,2,"doviz_mudahalesi,mali_politika",1.5128252600744954,1.3533653455282262,1.3453845802313185,1.509817421079785,1.333434263266329,1.3395094781440269
2025-07-21,10616.1435546875,2.38305627271377,0.47450000000000003,2,"doviz_mudahalesi,faiz_indirimi",1.4642802462434445,1.3269101389149955,1.3098597246867396,1.4617655140404828,1.3110657525519878,1.3041764906054443
2025-07-22,10616.04296875,-0.0009474854357512374,0.4298,1,enflasyon_aciklamasi,1.5089292150785554,1.2573105985665334,1.2764631753327556,1.506951026663707,1.2325950762093807,1.271384245494181
2025-07-23,10591.943359375,-0.2272692878548301,0.188,1,buyume_verisi,1.4604647187785191,1.241013562934974,1.248366519864423,1.4589242656694668,1.221709298653049,1.2435648914290454
2025-07-24,10689.04296875,0.9125543498044685,0.24745,2,"faiz_artisi,diger",1.4193990909396914,1.2501764285900556,1.2302854521707023,1.4176367640951142,1.2291254837557672,1.2239344609213967
2025-07-25,10642.54296875,-0.43597390076481285,0.6333666666666666,3,"faiz_artisi,doviz_mudahalesi",1.389960150682327,1.21014257284199,1.2064955506436867,1.3897632156885358,1.1903080950409664,1.2009048745005007
2025-07-28,10542.0439453125,-0.9488009161910272,0.6769999999999999,3,"faiz_artisi,enflasyon_aciklamasi,diger",1.3605372797588644,1.2455855786306873,1.2050256596253486,1.3608661962618176,1.2345317985044715,1.2010329615071658
2025-07-29,10487.244140625,-0.5211772125186134,0.1683,1,buyume_verisi,1.3521920317006957,1.3305719974590886,1.2504355527155995,1.3532597304737901,1.326979674121595,1.2493430141316264
2025-07-30,10618.943359375,1.2479840620425138,0.3617,2,"doviz_mudahalesi,merkez_bankasi_aciklamasi",1.3292330758397524,1.3564966569158319,1.248646315382137,1.3290256623777488,1.3474065902549137,1.2436380367710247
2025-07-31,10743.1435546875,1.1628226707740668,0.5954,3,"faiz_artisi,mali_politika,merkez_bankasi_aciklamasi",1.3223768928546362,1.2965887753723622,1.222600095960702,1.3233337715414222,1.2850602362121353,1.2181683881146474
2025-08-01,10746.943359375,0.035363325818974466,0.4027,1,faiz_artisi,1.3128009029201737,1.246675271092828,1.1997621483144052,1.313492909212635,1.2348382467015175,1.1958584688265832
2025-08-04,10853.4423828125,0.986092449320856,0.3416,1,enflasyon_aciklamasi,1.2846663748876561,1.2282656056115666,1.1806101756314529,1.2854807991998654,1.2194024193678261,1.1769127514483169
2025-08-05,10849.9423828125,-0.03225303396808636,0.765,2,"secim_belirsizligi,faiz_artisi",1.2731062719361548,1.1904144712258629,1.1630557317518004,1.2749205306089195,1.1809545399172996,1.1598297384368959
2025-08-06,10900.9423828125,0.46894730041494753,0.6555666666666666,3,"jeopolitik_kriz,diger,faiz_artisi",1.2498982914471852,1.1868928809373587,1.1498121396631054,1.2520687454551942,1.1886759543478482,1.1478002822476894
2025-08-07,10956.041015625,0.5041752425021032,0.524,3,"diger,doviz_mudahalesi,faiz_artisi",1.2302387489150013,1.1613996711375674,1.136226965832762,1.2322666555998514,1.1664367329362142,1.1344926214497688
2025-08-08,10972.541015625,0.15048855498656064,0.281,2,"doviz_mudahalesi,faiz_artisi",1.2133406626976073,1.1389464644035077,1.1244196387567362,1.215451015699427,1.1459317726196,1.1229362292368
2025-08-11,11038.2412109375,0.5969836942636815,0.5804,2,"diger,enflasyon_aciklamasi",1.196043642813722,1.1240708286253396,1.1141743684364882,1.1981872311795114,1.1342179273278976,1.1129141728062522
2025-08-12,10954.44140625,-0.7620735651595988,0.5039,2,"merkez_bankasi_aciklamasi,jeopolitik_kriz",1.1847632507015837,1.105427120462646,1.1052899973049024,1.1868189188749736,1.116493743606343,1.1042332026013706
2025-08-13,10949.9423828125,-0.04107874975248518,0.3085,2,"faiz_artisi,merkez_bankasi_aciklamasi",1.1908413640462439,1.1912978274290833,1.1470990220733308,1.1924288929448992,1.2026768945317283,1.1454762250935906
2025-08-14,10824.5419921875,-1.1518231602137983,0.7635,1,jeopolitik_kriz,1.177251949316431,1.1885515062209058,1.13614952306567,1.1786354552281746,1.1971896937168285,1.1339875129326085
2025-08-15,10870.5419921875,0.42405983739628955,0.24639999999999998,3,"doviz_mudahalesi,faiz_indirimi",1.2041917328861662,1.3050938089681494,1.2204281098146064,1.2068787501866216,1.319966034592248,1.2232959119368323
2025-08-18,10929.7421875,0.5431153130443614,0.6523,2,"faiz_artisi,faiz_indirimi",1.1893284934426174,1.2632407549937694,1.197860018284063,1.1924533116154459,1.2775116436273648,1.2003458963953781
2025-08-19,10961.94140625,0.2941687132634618,0.6224,3,"jeopolitik_kriz,buyume_verisi,faiz_artisi",1.1778965580407317,1.2260073572450128,1.1781178017230292,1.180681339150573,1.2409865395491224,1.1802769737130434
2025-08-20,11134.6416015625,1.5631712093307006,0.3748,1,enflasyon_aciklamasi,1.165079540683322,1.1972729755600873,1.1608815188300692,1.167766052791525,1.2146546295284653,1.162762451006285
2025-08-21,11313.8408203125,1.5965714021663129,0.6127,2,faiz_artisi,1.1973569389036072,1.1564458206086814,1.145860127236874,1.2008739034557503,1.1655952929821294,1.147505109589767
2025-08-22,11372.2998046875,0.515372929534334,0.3358,2,"faiz_artisi,enflasyon_aciklamasi",1.2268257574508126,1.120742534586055,1.132790391149128,1.2291083038026647,1.123773066848273,1.1342361156009326
2025-08-25,11477.7998046875,0.9234161029100505,0.5711999999999999,2,"doviz_mudahalesi,faiz_artisi",1.2104926860049525,1.1035878535882468,1.121435511926709,1.2132131161215536,1.1079044116530132,1.122713641598415
2025-08-26,11529.7998046875,0.45202532575746174,0.8205,2,"jeopolitik_kriz,faiz_artisi",1.2059795255057895,1.0834343883520876,1.1115835450970202,1.208421568152415,1.0870302826101907,1.1127212638904223
2025-08-27,11359.0,-1.4924589887666229,0.214,1,doviz_mudahalesi,1.191234219762315,1.071953515458526,1.1030456707131067,1.1932506081110243,1.0796695540163956,1.1040662044692011
2025-08-28,11368.7998046875,0.08623628665363173,0.33365,2,"faiz_indirimi,doviz_mudahalesi",1.2384343241701348,1.246508654192214,1.2482803531939806,1.236585686186228,1.244823303010364,1.2400806277336263
2025-08-29,11288.099609375,-0.712370524430281,0.5928,2,"doviz_mudahalesi,secim_belirsizligi",1.2184021566324694,1.2230103570432516,1.2225515407576735,1.2169645094787804,1.2213110898748607,1.2151284784978287
2025-09-01,11280.0,-0.07177928016054046,0.7723,1,diger,1.2180434008006773,1.285908885322449,1.24046656726486,1.2171045259169078,1.2886099654251602,1.234737985581529
2025-09-02,10877.5,-3.633481045721477,0.4432,1,enflasyon_aciklamasi,1.2015643524908504,1.2725440243951878,1.218260124042045,1.2013541530154441,1.284573798096971,1.214130270805935
2025-09-03,10737.7001953125,-1.2935503976712934,0.7554,1,merkez_bankasi_aciklamasi,1.478114634822257,1.6788914753673898,1.821794887130158,1.4733419753919141,1.6783594203968022,1.814213223338791
2025-09-04,10828.900390625,0.8457590577056966,0.8336,1,doviz_mudahalesi,1.4721135652225998,1.7250135997981157,1.8121717944149633,1.469288853496635,1.7299403205247523,1.8086149801363465
2025-09-05,10729.5,-0.9221564978630997,0.46213333333333334,3,"doviz_mudahalesi,jeopolitik_kriz",1.43516500300361,1.609435906847199,1.725463119759373,1.431982647365331,1.6137594485177946,1.7219572968493928
2025-09-08,10449.400390625,-2.645235935738227,0.7396,2,"merkez_bankasi_aciklamasi,diger",1.4166657313255475,1.62966228699821,1.6931503561265326,1.413450281321513,1.6325262292048888,1.6886580367362602
2025-09-09,10486.099609375,0.35059355010343546,0.0966,1,doviz_mudahalesi,1.5243228440098897,1.83411541883792,1.910740286436231,1.522942184724528,1.8380280055100184,1.9123974788459535
2025-09-10,10586.2998046875,0.9510160522706623,0.7859,1,jeopolitik_kriz,1.4742954563705974,1.704936229041319,1.814557541044296,1.473835380667284,1.7080745573853202,1.8157200325325489
2025-09-11,10382.900390625,-1.9400434131683062,0.7173,1,diger,1.439947648336274,1.5916069482717006,1.7276167357020875,1.4388788517451319,1.5935768873459315,1.7283678990993152
2025-09-12,10372.0,-0.10503920926688709,0.44006666666666666,3,"faiz_artisi,diger,jeopolitik_kriz",1.4814102339813895,1.724150585783343,1.81607896427245,1.4816068577986599,1.7288610077315436,1.820173095450877
2025-09-15,11000.2998046875,5.881265972213357,0.6988666666666666,3,"jeopolitik_kriz,mali_politika,faiz_artisi",1.436613398639556,1.6418164310248886,1.7316069018016973,1.4369649143549152,1.6461959103014312,1.7346749383355382
2025-09-16,11183.0,1.647224064749987,0.4499,2,"jeopolitik_kriz,diger",1.9214693811463603,1.480185710440159,1.652827297097082,1.9138276245062469,1.4501208024907846,1.6553253952560687
2025-09-17,11165.900390625,-0.153024197279383,0.888,1,faiz_artisi,1.8654097308431283,1.396055017457578,1.5819860728198785,1.8591886738406966,1.364380549202257,1.5839985473572094
2025-09-18,11048.099609375,-1.0606093951968765,0.49,2,"buyume_verisi,faiz_artisi",1.7845665683716747,1.3739358581213197,1.5226266240486679,1.7797654595746422,1.3593654275040015,1.5257313576794884
2025-09-19,11294.5,2.2057449443903976,0.46595,2,"secim_belirsizligi,doviz_mudahalesi",1.7332141100886074,1.449976634955576,1.5304615897673726,1.728733685134912,1.438189818641863,1.5319264128552412
2025-09-22,11468.099609375,1.5253352272324594,0.7443,1,diger,1.7278474732348623,1.3637673913655317,1.4723759453292158,1.7243020053615576,1.3436537515250597,1.473508349607039
2025-09-23,11331.7998046875,-1.1956318395975412,0.1605,1,diger,1.6869961289362354,1.2992991859995053,1.420555891192837,1.6828132162446798,1.2782539891496627,1.4214152016647044
2025-09-24,11366.900390625,0.30927421934930366,0.6780333333333334,3,"merkez_bankasi_aciklamasi,faiz_indirimi,doviz_mudahalesi",1.6516515777357852,1.4026179365800029,1.4593618869091691,1.6457211805543255,1.3766419926729179,1.452736324197443
2025-09-25,11377.599609375,0.09408181792689006,0.5421333333333334,3,"jeopolitik_kriz,doviz_mudahalesi,merkez_bankasi_aciklamasi",1.5890401440298272,1.347382087196431,1.4089665122951676,1.5839696109971568,1.3298182644888827,1.4029295392661087
2025-09-26,11151.2001953125,-2.00993428658335,0.757,1,mali_politika,1.5322424442319325,1.3081324773643386,1.3643593213469238,1.5280178169704928,1.2977328514037803,1.3588800076690621
2025-09-29,11048.099609375,-0.9288700827181819,0.7211,1,merkez_bankasi_aciklamasi,1.5651253048813496,1.502604648224635,1.5401176150041138,1.562991272811382,1.4991922908263184,1.5415386528190422
2025-09-30,11012.099609375,-0.32637993519618513,0.7991,2,"merkez_bankasi_aciklamasi,faiz_artisi",1.5320937747503072,1.5425124027129629,1.5324686103970027,1.531183295358729,1.5457369278210156,1.535944313533211
2025-10-01,11220.2001953125,1.8721109885518228,0.52835,2,"merkez_bankasi_aciklamasi,faiz_artisi",1.4853273731360919,1.5137429228314903,1.4845669810977389,1.4854182155578586,1.5254531054840599,1.4891694995037401
2025-10-02,11082.599609375,-1.2339467070346557,0.4089,1,enflasyon_aciklamasi,1.4912924789604804,1.421437798659481,1.4314194768392918,1.491308548621332,1.423504357741027,1.435365849059871
2025-10-03,10858.5,-2.0428092165329708,0.7144,1,secim_belirsizligi,1.4805340702751904,1.5080578941110316,1.4731548339107314,1.4795405901645096,1.5073934971689449,1.4735693522471165
2025-10-06,10734.900390625,-1.144803106719823,0.7317333333333332,3,"faiz_artisi,doviz_mudahalesi",1.523718808971192,1.668340887160788,1.629773203340984,1.523926320567273,1.6708999385670007,1.6342148600398152
2025-10-07,10814.099609375,0.7350649715318409,0.3006666666666667,3,"diger,doviz_mudahalesi",1.5046770801442033,1.7008809878309692,1.631105151157325,1.5059848791621757,1.7081162592852355,1.6375836903802665
2025-10-08,10756.2998046875,-0.5359190798146427,0.3976,2,"diger,merkez_bankasi_aciklamasi",1.4617891971690455,1.5908996296239706,1.5624883319857958,1.4639320089355317,1.5955085592507572,1.5680786048946602
2025-10-09,10727.0,-0.27276836538504545,0.1345,1,doviz_mudahalesi,1.4270816658341534,1.5748919881212184,1.5219099840151842,1.4286938669510767,1.5775434014223075,1.5252666341086218
2025-10-10,10720.400390625,-0.06154227983902919,0.43565,2,"doviz_mudahalesi,merkez_bankasi_aciklamasi",1.390262111256988,1.5352334699504007,1.4730176093067742,1.3911029253459508,1.5308655667598077,1.4735606784820223
2025-10-13,10556.2001953125,-1.543512128247782,0.8818,1,jeopolitik_kriz,1.354507738395204,1.4813471346713414,1.4233433873196757,1.355432738204953,1.4788416421671091,1.4233388438472692
2025-10-14,10316.400390625,-2.297848368369488,0.5171,2,"faiz_artisi,doviz_mudahalesi",1.3802146112176337,1.591023987185925,1.5086992470998124,1.3836089541923369,1.5978033939454008,1.516071398569322
2025-10-15,10464.5,1.4253676597166338,0.8009,1,jeopolitik_kriz,1.4615169151535479,1.763763918428595,1.7039052069833602,1.4629699605955115,1.7659972046172305,1.70812522950053
2025-10-16,10370.7998046875,-0.899443040261125,0.7674,1,secim_belirsizligi,1.4464679108244711,1.63426649045817,1.6278949146280977,1.4462605390382228,1.6320781198362055,1.6314381339414112
2025-10-17,10208.7998046875,-1.5744071739433319,0.506,2,"secim_belirsizligi,merkez_bankasi_aciklamasi",1.425712451918771,1.6476495171122292,1.6059811329411382,1.4267823558521069,1.6525985504253224,1.6117337255096857
2025-10-20,10484.400390625,2.663840106179585,0.48165,2,"buyume_verisi,jeopolitik_kriz",1.4433132138541482,1.7295231507633684,1.663019651831877,1.4435422568016143,1.7320214262413738,1.66653974399761
2025-10-21,10467.2001953125,-0.16418983462400982,0.6189666666666667,3,"enflasyon_aciklamasi,mali_politika,faiz_artisi",1.5147587376469323,1.5911385042351178,1.591140202635077,1.5148471396114147,1.5793785974949357,1.594066854738758
2025-10-22,10551.2998046875,0.8002479547432307,0.5433,2,"enflasyon_aciklamasi,diger",1.467260082210476,1.5379203876492182,1.5311057671736088,1.4677748824426478,1.5331873966708218,1.5338146653055933
2025-10-23,10608.2998046875,0.5387638606475789,0.8091,1,faiz_artisi,1.4297264827854057,1.4548641367009238,1.4729514530374679,1.430464679731617,1.4507335877398984,1.475194622055428
2025-10-24,10941.7998046875,3.0953604255031433,0.6372,3,"faiz_artisi,enflasyon_aciklamasi,jeopolitik_kriz",1.3912564628760524,1.3885219115753165,1.4210685795481282,1.391769472487742,1.3882124865539742,1.4229167583509423
2025-10-27,10853.400390625,-0.8111868485813696,0.6364666666666666,3,"jeopolitik_kriz,buyume_verisi",1.5136598794095886,1.3009102294912205,1.3749127347021866,1.5115239127165128,1.285232069526208,1.3764288913661111
2025-10-28,10871.099609375,0.16294250883556466,0.59735,2,"faiz_artisi,enflasyon_aciklamasi",1.4819231510911215,1.362183594526175,1.379410446892307,1.4805744768202198,1.3538701041430026,1.3818002134799496
2025-10-30,10837.2998046875,-0.3113986559360298,0.2681,2,"buyume_verisi,doviz_mudahalesi",1.435593814939715,1.3150323133893618,1.337952103292071,1.434725186148236,1.3131142982161157,1.3399640964918624
2025-10-31,10971.5,1.2307132020259497,0.58565,2,"enflasyon_aciklamasi,jeopolitik_kriz",1.3985685969517294,1.3216775439504307,1.3123178656565442,1.3974050708930459,1.3170537369011144,1.312056335010417
2025-11-03,11060.400390625,0.8070195629132791,0.1043,2,diger,1.382542974547726,1.2672080119091875,1.2786313652875039,1.3814127069369138,1.2606938037683033,1.278329144100091
2025-11-04,10914.099609375,-1.3315701648191862,0.6069,2,"diger,doviz_mudahalesi",1.3543698078426307,1.2260587306578037,1.248952683467979,1.3551266992456805,1.2187411258853145,1.24863237646488
2025-11-05,10970.400390625,0.5145276835957933,0.5469,3,"secim_belirsizligi,faiz_indirimi,enflasyon_aciklamasi",1.366727886697929,1.3567527343160153,1.336707130114602,1.3676327146692078,1.3536033194916692,1.337573129193953
2025-11-06,11073.2998046875,0.9336015328876273,0.5375000000000001,2,"faiz_artisi,diger",1.3346377370776161,1.3060005195592035,1.3001643009488804,1.3357450329578715,1.3056542656076608,1.3008452759965439
2025-11-07,10924.5,-1.3528814295619815,0.5401333333333334,3,"faiz_artisi,enflasyon_aciklamasi,diger",1.3154385791539,1.2575843908944613,1.2679151652616143,1.316652531056666,1.2566342390576681,1.2684494900079086
2025-11-10,10789.0,-1.2480876774739464,0.6307,2,"faiz_indirimi,jeopolitik_kriz",1.3345038267276546,1.3854206746760191,1.3550666717634912,1.3352422141647329,1.3856725686640237,1.3551043429926275
2025-11-11,10576.5,-1.9892537724135153,0.13085,2,"buyume_verisi,doviz_mudahalesi",1.3447244473633153,1.4798436369593018,1.411567740271403,1.3458182672681018,1.4834164706861384,1.4130376304574443
2025-11-12,10640.900390625,0.6070544667132588,0.7003,1,secim_belirsizligi,1.405331788963818,1.6395054527002622,1.5725361294641405,1.4010548955948354,1.6302242422761657,1.5619230379896925
2025-11-13,10628.599609375,-0.1156659312291763,0.6746,2,"doviz_mudahalesi,faiz_indirimi",1.3704988131348972,1.5417370489297983,1.5100007067171475,1.3666410184142026,1.535692018356047,1.5003135989740581
2025-11-14,10565.7001953125,-0.593552033389481,0.6361,3,"diger,doviz_mudahalesi,merkez_bankasi_aciklamasi",1.337428785181506,1.492107623770945,1.457472334179027,1.3344825798168813,1.493641228131117,1.4491799959926777
2025-11-17,10698.099609375,1.2453195227459348,0.8511,1,jeopolitik_kriz,1.318325681675739,1.4990133411969078,1.4333774163574913,1.3162542661453354,1.5050277287491636,1.4269006398538588
2025-11-18,10728.599609375,0.28469173239113893,0.4605666666666666,3,"merkez_bankasi_aciklamasi,faiz_indirimi,faiz_artisi",1.31271673501545,1.4168116345592645,1.385850913852087,1.3092620583352959,1.4200419086651686,1.3799667878934152
2025-11-19,10903.900390625,1.6207522812689352,0.63255,2,"faiz_artisi,enflasyon_aciklamasi",1.2844168558394116,1.3596648623006047,1.3436602215782985,1.2817048084385783,1.3658059996941523,1.338340002731409
2025-11-20,10979.7001953125,0.6927571862185034,0.716,1,merkez_bankasi_aciklamasi,1.3026834434385868,1.2946301299691623,1.3063097591604766,1.2995377217867312,1.294638815288972,1.3015225904085461
2025-11-21,10922.900390625,-0.5186592504787009,0.77195,2,"diger,jeopolitik_kriz",1.280833874026731,1.2509255429107076,1.2733326298039809,1.2778330270983034,1.2528960842578265,1.269046136296899
2025-11-24,10888.0,-0.32002732383068855,0.5300666666666667,3,"faiz_artisi,enflasyon_aciklamasi",1.2661133758025696,1.2889508618167251,1.2682018715766492,1.2645313963822662,1.2996054695015422,1.2668917144545824
2025-11-25,10857.2001953125,-0.28327929848883887,0.5041666666666667,3,"secim_belirsizligi,doviz_mudahalesi,diger",1.248071544415632,1.3004838347872592,1.2518048072582209,1.2468577045305957,1.3128512752900183,1.2504596780967756
2025-11-26,10914.7001953125,0.5282050042122175,0.291,3,"doviz_mudahalesi,enflasyon_aciklamasi",1.2313779483600713,1.306474850574882,1.2357453631825221,1.2304311503120744,1.3197175909962924,1.2342053414139937
2025-11-27,10945.5,0.2817890485248873,0.3444666666666667,3,"merkez_bankasi_aciklamasi,diger,doviz_mudahalesi",1.2147070045679924,1.2631005069047605,1.2112818863774557,1.2146895085459957,1.2754437800640661,1.2099001693905191
2025-11-28,10898.7001953125,-0.4284878903641638,0.6044,3,"diger,faiz_artisi",1.1974824036585958,1.2292065169997746,1.1898541828294342,1.1979000942002118,1.2429662369551036,1.1886267503886825
2025-12-01,11116.5,1.9786957089380375,0.849,2,"doviz_mudahalesi,faiz_artisi",1.1903144612304504,1.2610302605087822,1.19023182959076,1.1910699406204075,1.2777693084259307,1.1897051432457233
2025-12-02,11123.5,0.06294964236650087,0.543,3,faiz_artisi,1.2476067328948723,1.2060388105765731,1.1714540449174207,1.2447380397219359,1.213788301068628,1.1709864220527277
2025-12-03,11036.7998046875,-0.7824861437145723,0.84645,2,faiz_artisi,1.2266287435333776,1.1906596979260229,1.155579028846848,1.224377416221414,1.202014777846273,1.1551650247037915
2025-12-04,10918.5,-1.0776527819620285,0.7188,2,"secim_belirsizligi,merkez_bankasi_aciklamasi",1.2280480864565277,1.2660779562497786,1.1910266335992206,1.227815741398901,1.2862217415283645,1.1954735069518423
2025-12-05,11007.400390625,0.8109211134742866,0.5266333333333333,3,"mali_politika,diger,merkez_bankasi_aciklamasi",1.2434634645675162,1.3618839253078665,1.2547537841755187,1.2443782554011749,1.3850787326850118,1.261662093209894
2025-12-08,11189.5,1.6408029194044358,0.125,1,doviz_mudahalesi,1.231468048215601,1.3066283477938292,1.2279625197517747,1.2325585688594034,1.3262941196494873,1.2339855229121917
2025-12-09,11238.400390625,0.4360681763539741,0.63065,2,"faiz_indirimi,faiz_artisi",1.258610150419995,1.2492516306513832,1.204459875383079,1.2628609396261583,1.258335909079051,1.2097075671827253
2025-12-10,11193.900390625,-0.3967498368265116,0.83635,2,faiz_artisi,1.2375567007453314,1.2153933871379896,1.1838870602159692,1.241491680804531,1.2266671224273453,1.1884583571165066
2025-12-11,11233.7001953125,0.3549184525011738,0.14245,2,"doviz_mudahalesi,diger",1.224673065222524,1.245941697571453,1.1830986095440699,1.229320860866115,1.2664382839290962,1.1898175503536377
2025-12-12,11311.2998046875,0.6884002290994402,0.7864,2,"mali_politika,jeopolitik_kriz",1.206750749421749,1.2135907637477155,1.1652270314549777,1.2116323013434893,1.2328473499888497,1.1710845170413364
2025-12-15,11456.2998046875,1.273757119341706,0.5553666666666667,3,"faiz_artisi,mali_politika,doviz_mudahalesi",1.196093849611729,1.1815829908383364,1.1496447986510288,1.199925202723475,1.200570428762541,1.1547513555908757
2025-12-16,11348.7998046875,-0.9427785722054602,0.3494333333333333,3,"diger,doviz_mudahalesi",1.2078367233286058,1.1465699606470021,1.1360814213269474,1.211101318473782,1.1600725752456418,1.1405354147389732
2025-12-17,11286.7998046875,-0.5478110244035084,0.43524999999999997,2,"mali_politika,merkez_bankasi_aciklamasi",1.2190744262047433,1.2463109752285317,1.192945008899297,1.220592312675029,1.2551102422472724,1.1928718214697198
2025-12-18,11335.099609375,0.42701876793803384,0.43396666666666667,3,"secim_belirsizligi,enflasyon_aciklamasi,doviz_mudahalesi",1.2127677946987372,1.2881143540138076,1.2013447892256208,1.2137802637545334,1.2961041397191724,1.1999118487669143
2025-12-19,11341.900390625,0.059979551562232766,0.1776,1,doviz_mudahalesi,1.1969264862424474,1.2487282283591756,1.181163572642891,1.1982729399065508,1.2580821847498675,1.1798978208488016
2025-12-22,11311.099609375,-0.27193572798952226,0.5727333333333333,3,"diger,faiz_artisi",1.1818464281846062,1.2275449309334394,1.1640750611551898,1.1831159748853255,1.2318092144177681,1.1625247065313655
2025-12-23,11290.400390625,-0.18316682111515378,0.81,1,faiz_artisi,1.1728571169789264,1.2433026318792288,1.1591408612129819,1.174265807803272,1.2515800466564595,1.1579792748172544
2025-12-24,11340.099609375,0.439224044089389,0.2822,2,"faiz_artisi,merkez_bankasi_aciklamasi",1.163317351030151,1.2475958330763774,1.1509875392756308,1.1653960721936025,1.265202258066451,1.15163735053371
2025-12-26,11294.400390625,-0.4038019911736467,0.9109,1,faiz_artisi,1.1535340720933964,1.2139350648629037,1.1372493387454754,1.1560832373087877,1.2307807037654472,1.1378277673648134
2025-12-29,11150.900390625,-1.2786815076554123,0.4828333333333334,3,"enflasyon_aciklamasi,faiz_artisi",1.151214404581938,1.2454380962835463,1.1435538070622715,1.1549590216971768,1.2725038979290022,1.1478025229030009
2025-12-30,11220.2001953125,0.6195495486605118,0.5355,2,"buyume_verisi,doviz_mudahalesi",1.1900551813713078,1.3669614511868156,1.2448783197190678,1.192376218313928,1.3892300000814464,1.246573589485157
2025-12-31,11261.5,0.3674086104450794,0.8364,1,doviz_mudahalesi,1.1799427157877147,1.313332720454849,1.2192931065297512,1.182260003227343,1.3336108475858302,1.2207428909795164
2026-01-02,11498.400390625,2.081810046770645,0.4636,1,enflasyon_aciklamasi,1.1673998793791496,1.2709723760381109,1.1968661773696962,1.1694224014862373,1.2930451076994267,1.1981113275421853
2026-01-05,11702.0,1.7551838139042046,0.6560666666666667,3,"faiz_artisi,enflasyon_aciklamasi,merkez_bankasi_aciklamasi",1.2369253884062585,1.2132695509398812,1.1772493422849257,1.2389313782953733,1.2230130777937422,1.1783251784056166
2026-01-06,12023.7998046875,2.7128235302600667,0.6496,1,diger,1.2706320853951623,1.1678100413313992,1.1601240454317183,1.271122346632263,1.1703341306543042,1.16106088385356
2026-01-07,12028.7998046875,0.041575548200403455,0.77325,2,"mali_politika,jeopolitik_kriz",1.3782449213626276,1.11654325236849,1.1452005853473548,1.376254206159146,1.1061379969197345,1.1460242593579772
2026-01-08,12088.0,0.49094668197895075,0.4289,1,doviz_mudahalesi,1.343000354304309,1.1156186224964606,1.1329961029279563,1.3417130043244778,1.1170098268913773,1.1342600889462875
2026-01-09,12201.0,0.9304690622758698,0.6055333333333334,3,"faiz_artisi,doviz_mudahalesi,enflasyon_aciklamasi",1.3131790021774647,1.0994532721765464,1.121614109139711,1.3125346348404223,1.102992529803541,1.1227344446440435
2026-01-12,12254.7998046875,0.4399765446634445,0.9296,1,jeopolitik_kriz,1.2963957571625282,1.0797448350667902,1.1117384077224983,1.2957812430988147,1.082785526442277,1.112739292958588
2026-01-13,12385.599609375,1.0616794889838261,0.46786666666666665,3,"enflasyon_aciklamasi,doviz_mudahalesi",1.271115172058834,1.0688928788100274,1.1031798033599187,1.2703604011319343,1.0767602348030814,1.104081811785873
2026-01-14,12369.900390625,-0.12683420536526743,0.7474666666666666,3,"diger,jeopolitik_kriz",1.2639262306431471,1.0514020867302392,1.0957704440372686,1.2637900753107996,1.056617934540462,1.0965909812777503
2026-01-15,12456.7001953125,0.6992512572268559,0.5333,2,"secim_belirsizligi,doviz_mudahalesi",1.2428052253577946,1.076437479826442,1.0942262134116876,1.2433155179822741,1.0905762600514834,1.0960688592655838
2026-01-16,12668.5,1.6859950978729683,0.4267,1,enflasyon_aciklamasi,1.2280705265317755,1.0626581281067398,1.0880270642685401,1.2288024942415916,1.0763112340161924,1.0896645854627398
2026-01-19,12747.900390625,0.6247985371865072,0.5191,2,"jeopolitik_kriz,diger",1.2585836237902426,1.0379514015712794,1.0826706605391179,1.2600036494542877,1.0435054630138552,1.0841334903017967
2026-01-20,12805.7998046875,0.4531595244681894,0.4575,2,"diger,doviz_mudahalesi",1.240424069199816,1.0299631272586984,1.0780456756865906,1.2420107705075412,1.0366774713055775,1.0793599786867614
2026-01-21,12728.2001953125,-0.6078158398859989,0.5421333333333332,3,"secim_belirsizligi,merkez_bankasi_aciklamasi,buyume_verisi",1.221662022865572,1.0251885627796602,1.0740546826900388,1.2234946605999764,1.0339092218993569,1.0752428960992915
2026-01-22,12851.5,0.9640516401442858,0.47783333333333333,3,"faiz_indirimi,merkez_bankasi_aciklamasi,faiz_artisi",1.2170315350125867,1.1053376174378047,1.1059723628581082,1.2187364047229092,1.1162878849933076,1.1068835620678728
2026-01-23,12992.7001953125,1.092714026456356,0.31143333333333334,3,"diger,doviz_mudahalesi,enflasyon_aciklamasi",1.2130767937196627,1.0844358542456876,1.0981872135833675,1.2150391194039092,1.0930393701187584,1.0990143546386797
2026-01-26,13177.2998046875,1.4107961113752328,0.658,3,"faiz_artisi,diger",1.2144733175215872,1.0645747532937195,1.091451666179149,1.217551951442133,1.0694240940776691,1.0922099079237777
2026-01-27,13107.0,-0.5349198787052631,0.514,3,"doviz_mudahalesi,secim_belirsizligi,mali_politika",1.2306893810529462,1.0431471574782327,1.0856292097754372,1.2325046496874068,1.0441085582528864,1.0863312645432717
2026-01-28,13407.400390625,2.2660383832722397,0.5106,2,"mali_politika,enflasyon_aciklamasi",1.2225351671364908,1.1128705437137536,1.1093672216929937,1.2241478299158008,1.1165589675539958,1.1095365690060164
2026-01-29,13831.099609375,3.1112829038994154,0.7619666666666666,3,"diger,mali_politika,faiz_artisi",1.297778972370061,1.0744337232988586,1.101126286110613,1.2988346749508293,1.0675291502143645,1.101309800462114
2026-01-30,13838.2998046875,0.052044465203415824,0.1374,1,doviz_mudahalesi,1.4412693947857678,1.0302355776385754,1.0939937677043041,1.4375871776359457,1.0093494521250623,1.0941941129160582
2026-02-02,13621.0,-1.5827376695954731,0.7079500000000001,2,"diger,mali_politika",1.399378156161275,1.0393745082543293,1.0884971655378823,1.3962018254484374,1.0166263613708957,1.0881529594795978
2026-02-03,13875.2998046875,1.8497547478898961,0.5669666666666666,3,"jeopolitik_kriz,faiz_artisi,doviz_mudahalesi",1.4212428658012286,1.2300515977124655,1.2534037996357297,1.4195640601285235,1.2165361438779692,1.2574479761381676
2026-02-04,13891.2001953125,0.11452932391939745,0.8015,1,faiz_artisi,1.434466934681314,1.1810607990790107,1.2267769868343328,1.4326236600110256,1.1624837376641648,1.230285294376303
2026-02-05,13589.099609375,-2.198758812425687,0.46199999999999997,3,"faiz_artisi,diger",1.3930526828849406,1.1639718602930818,1.203521733387987,1.3918300147433909,1.159035958933975,1.2068305255075225
2026-02-06,13522.0,-0.4949983390554706,0.5575,3,"diger,faiz_indirimi",1.4633000582219082,1.408105816576073,1.4591911421675612,1.4604338587978887,1.4004769721064483,1.4583497850408211
2026-02-09,13838.400390625,2.3129376129236783,0.60015,2,"doviz_mudahalesi,faiz_artisi",1.4273648980960276,1.4188619993939926,1.4285315656995918,1.4250693665692031,1.415817278989993,1.427709690444872
2026-02-10,13797.0,-0.2996187571826586,0.4348,1,doviz_mudahalesi,1.4722647978014791,1.3361960463462956,1.3815437622566094,1.4692145756198627,1.3233613629477263,1.3806853661403795
2026-02-11,13787.7998046875,-0.06670482090701345,0.5555333333333333,3,"merkez_bankasi_aciklamasi,faiz_artisi,doviz_mudahalesi",1.4311710545440939,1.3383530460250308,1.350049534574447,1.4284612551658806,1.3285436988294839,1.348415282932851
2026-02-12,14180.5,2.808365239639178,0.4478,1,enflasyon_aciklamasi,1.3911664699519481,1.3165444023322455,1.3144737698791957,1.389062395822537,1.3126998044161728,1.312963745923307
2026-02-13,14180.7001953125,0.0014117548702178911,0.58655,2,"faiz_artisi,doviz_mudahalesi",1.485081917160775,1.243213582234688,1.2805332854173295,1.4835655481260492,1.2256708187317074,1.2791291465376196
2026-02-16,14339.2998046875,1.1122106892422465,0.4193,1,enflasyon_aciklamasi,1.439003796123823,1.2287301837517834,1.2519050663840943,1.4380061827953134,1.2193025006499187,1.2507127114117043
2026-02-17,14227.2998046875,-0.784136546944413,0.5333,3,"faiz_indirimi,enflasyon_aciklamasi,faiz_artisi",1.4137531180112852,1.1892171791989599,1.2254609791607631,1.413630716523995,1.1787326401667209,1.2243740073635516
2026-02-18,14259.900390625,0.22887893471911705,0.4876,1,faiz_indirimi,1.3923218368571122,1.2650343693461656,1.2497850877855055,1.3922568267912183,1.2586701646007865,1.2485485098508051
2026-02-19,13804.2001953125,-3.2478521898474964,0.5034,2,"doviz_mudahalesi,merkez_bankasi_aciklamasi",1.35527853798944,1.2315329547002236,1.2235997456736136,1.3555620386405514,1.2304182343287693,1.2224752678842248
2026-02-20,13934.099609375,0.9366137404925852,0.30315,2,"merkez_bankasi_aciklamasi,faiz_indirimi",1.5418751380514277,1.5960095595373132,1.7220488804516356,1.5393751424002844,1.5889160114358105,1.7188867201268416
2026-02-23,14061.7001953125,0.9115758108654363,0.6884,3,"faiz_artisi,doviz_mudahalesi",1.4999260616596264,1.5015877107229103,1.6442221757673234,1.4988236972981688,1.4932771843247297,1.641117885319918
2026-02-24,14050.7998046875,-0.07754835871066962,0.5988333333333333,3,"merkez_bankasi_aciklamasi,mali_politika,faiz_artisi",1.4617264018697012,1.4230969625040268,1.574260209985785,1.4604920220817859,1.4159505548149203,1.5712490408693278
2026-02-25,13809.900390625,-1.7293565208853696,0.7151000000000001,3,"faiz_artisi,faiz_indirimi,doviz_mudahalesi",1.4186664952883474,1.3891170653994882,1.5139428880057522,1.4179428711918383,1.3883462787344412,1.5112164885523984
2026-02-26,13878.5,0.49551255232660907,0.6858333333333334,3,"enflasyon_aciklamasi,faiz_artisi",1.4477952023227094,1.5363566222708347,1.6101302979275154,1.4482785765505632,1.5400684632580803,1.6115293035259692
2026-02-27,13717.7998046875,-1.1646634726289107,0.5223666666666666,3,"jeopolitik_kriz,enflasyon_aciklamasi",1.4068741196707941,1.4573309160811396,1.5436769647108206,1.4074104748385754,1.463072090690424,1.5447194044205885
2026-03-02,13346.400390625,-2.744753052069272,0.5666666666666667,3,"doviz_mudahalesi,jeopolitik_kriz,diger",1.4030960034262219,1.530188064706762,1.5596553579611012,1.4033138228767152,1.5355230445396553,1.5598181087238596
2026-03-03,12933.400390625,-3.143357203770256,0.6104,2,"doviz_mudahalesi,secim_belirsizligi",1.5234535140159184,1.7671209353519006,1.8309351724236351,1.5224784855695257,1.7682708600390427,1.8310327446871622
2026-03-04,12943.2001953125,0.07574260091439232,0.7496,3,"doviz_mudahalesi,merkez_bankasi_aciklamasi,diger",1.6616798524504461,1.9992711279407553,2.113718298341918,1.6600865232709459,1.9963237253301567,2.114987583993338
2026-03-05,13078.900390625,1.0429705701150236,0.446,3,"faiz_indirimi,faiz_artisi,doviz_mudahalesi",1.5979961195868544,1.8484838463028106,1.9988959835796558,1.5970245809818833,1.8529489871917417,1.9998306198102787
2026-03-06,12792.7998046875,-2.211777710439186,0.3743,1,enflasyon_aciklamasi,1.553228926005302,1.7082843599031754,1.8944245496374386,1.5529876292981644,1.7086311896873008,1.8949003009997327
2026-03-09,12702.0,-0.7123036014935075,0.7243,1,merkez_bankasi_aciklamasi,1.598614556197081,1.8476104915702105,1.9942255784089398,1.5958406299187304,1.8409312362478572,1.9898895656145978
2026-03-10,13175.7001953125,3.6614777388726836,0.5387666666666667,3,"diger,jeopolitik_kriz",1.5544774645299382,1.8023008953754962,1.9163064351210302,1.5529086298982757,1.8021517684384794,1.9136668384527726
2026-03-11,13200.400390625,0.18729229858966734,0.8282,2,faiz_artisi,1.7042377781758606,1.639093509703911,1.8195954553487184,1.7013641400272626,1.6186018924312149,1.816868408210492
2026-03-12,13286.099609375,0.6471184778144236,0.46575,2,"buyume_verisi,diger",1.6363988294433736,1.5465633006008532,1.7321649477366665,1.6341829805349424,1.5367954072525036,1.7294107825412652
2026-03-13,13092.900390625,-1.4648218151213224,0.8547,1,doviz_mudahalesi,1.5787023342891364,1.463972850837581,1.6533297914160057,1.5772082958049098,1.456354692575211,1.6505874590936023
2026-03-16,12956.7001953125,-1.0457084437219653,0.17105,2,buyume_verisi,1.5695539775930816,1.5681859965406897,1.6881849984399862,1.5703471841488748,1.5703351310079552,1.6915324886005845
2026-03-17,13217.599609375,1.9936201327586993,0.5134,3,"enflasyon_aciklamasi,secim_belirsizligi,diger",1.5407787190214473,1.6087190079776874,1.6716610173300006,1.5394722297340881,1.6024432138401556,1.6689024253510965
2026-03-18,13115.099609375,-0.7785036910274105,0.4687,2,"faiz_artisi,merkez_bankasi_aciklamasi",1.5469296298565383,1.4992206864209556,1.5989040204947662,1.5458106497002289,1.4851874054873884,1.5961886151832876
2026-03-19,13047.7001953125,-0.515232036835528,0.7069000000000001,3,"enflasyon_aciklamasi,faiz_artisi,doviz_mudahalesi",1.5104191642533304,1.524014583712958,1.5707003600470237,1.5092279342223789,1.5126308202535,1.5671194786085492
2026-03-23,13168.2001953125,0.9192958992788778,0.7289,1,secim_belirsizligi,1.4699929567325507,1.5174792487500701,1.5279432063549498,1.4696986618794032,1.5145978600260046,1.5259984695281947
2026-03-24,12930.2001953125,-1.8239171313484583,0.50565,2,"merkez_bankasi_aciklamasi,doviz_mudahalesi",1.4352125854658166,1.4363054279572351,1.4701261891928585,1.4345339969650233,1.4337936342057431,1.468215467742206
2026-03-25,12963.900390625,0.2602926039300105,0.1207,1,doviz_mudahalesi,1.4686933480545517,1.5855130469407734,1.5900346297677832,1.4671931690467852,1.581850666786627,1.587071751776695
2026-03-26,12727.099609375,-1.8435054114791338,0.8127333333333334,3,"faiz_artisi,jeopolitik_kriz",1.42383196263853,1.5012023204326135,1.5256690102991433,1.423058196360681,1.4996918187832176,1.5228142172943768
2026-03-27,12698.2001953125,-0.22732810806596676,0.5925666666666666,3,"doviz_mudahalesi,mali_politika,enflasyon_aciklamasi",1.4604623606389748,1.640400187128299,1.6375208453540608,1.4618602205236855,1.6454146686315603,1.6414201847126328
2026-03-30,12626.400390625,-0.5670375477495665,0.6034999999999999,2,"diger,doviz_mudahalesi",1.419397876487592,1.5848811915655616,1.574436796899273,1.4210366469401277,1.5930486088296572,1.5779102570552788
2026-03-31,12791.0,1.295190757752313,0.5358333333333333,3,"faiz_indirimi,jeopolitik_kriz,merkez_bankasi_aciklamasi",1.3901893952214093,1.5730804860055714,1.5343477061156023,1.392054997596498,1.583503594823343,1.537713019925896
2026-04-01,12937.900390625,1.1419219997083006,0.6602,1,secim_belirsizligi,1.3778937159807578,1.4780964284412095,1.4758480610595193,1.3796675781214638,1.4829530443331764,1.4786764514140107
2026-04-02,13051.7001953125,0.875738983395745,0.8866,1,faiz_artisi,1.3608133169817014,1.4005434019722518,1.4236492419659714,1.3619513164014758,1.4026979438822194,1.4260176016332873
2026-04-03,12936.400390625,-0.8873334996252871,0.3895,1,faiz_indirimi,1.3369008074488755,1.3385365894380785,1.377205389854026,1.3369230986108394,1.341584334238615,1.3791825336727996
2026-04-06,13138.349609375,1.5490331211831063,0.6258,2,"faiz_indirimi,secim_belirsizligi",1.3287867827461028,1.4018548971543185,1.3886484420299128,1.327964428224358,1.4027051506056083,1.3877776056507105
